<?xml version="1.0" encoding="UTF-8"?>
<beans xmlns="http://www.springframework.org/schema/beans"
	xmlns:jaxws="http://cxf.apache.org/jaxws"
	xmlns:xsi="http://www.w3.org/2001/XMLSchema-instance" xmlns:context="http://www.springframework.org/schema/context"
	xmlns:aop="http://www.springframework.org/schema/aop" xmlns:tx="http://www.springframework.org/schema/tx"
	xsi:schemaLocation="http://www.springframework.org/schema/beans
	http://www.springframework.org/schema/beans/spring-beans-3.0.xsd
	http://www.springframework.org/schema/context
    http://www.springframework.org/schema/context/spring-context-3.0.xsd
    http://www.springframework.org/schema/aop
    http://www.springframework.org/schema/aop/spring-aop-3.0.xsd
    http://www.springframework.org/schema/tx
    http://www.springframework.org/schema/tx/spring-tx-3.0.xsd
    http://cxf.apache.org/jaxws 
    http://cxf.apache.org/schemas/jaxws.xsd">

	<!-- CXF整合配置  -->
	<import resource="classpath:META-INF/cxf/cxf.xml"/>
	<import resource="classpath:META-INF/cxf/cxf-servlet.xml"/>

	<!-- Spring配置-->
	<context:annotation-config />
	<context:component-scan base-package="com.kotei.hemap" />

	<aop:aspectj-autoproxy />
	<aop:aspectj-autoproxy proxy-target-class="true" />

	<bean id="dataSource" class="org.apache.commons.dbcp.BasicDataSource" destroy-method="close">
		<property name="driverClassName" value="${jdbc.driverClassName}" />
		<property name="url" value="${jdbc.url}" />
		<property name="username" value="${jdbc.username}" />
		<property name="password" value="${jdbc.password}" />
	</bean>
	
	<context:property-placeholder location="classpath:jdbc.properties"/>
	
	<bean id="sqlSessionFactory" class="org.mybatis.spring.SqlSessionFactoryBean">
		<property name="dataSource" ref="dataSource" />
		<property name="configLocation" value="classpath:mybatis.xml" />
		<property name="mapperLocations" value="classpath*:com/kotei/hemap/persistence/entity/*Mapper.xml"></property>
	</bean>
	
	<bean id="txManager" class="org.springframework.jdbc.datasource.DataSourceTransactionManager">
		<property name="dataSource" ref="dataSource" />
	</bean>
	
	<bean id="jdbcTemplate" class="org.springframework.jdbc.core.JdbcTemplate">  
        <property name = "dataSource" ref="dataSource" />  
	</bean> 

	<tx:annotation-driven transaction-manager="txManager" />
	
	
	<!-- CXF webService发布 -->
	<import resource="classpath:spring-cxf.xml"/>
	
</beans>
