<?xml version="1.0" encoding="UTF-8"?>
<!DOCTYPE configuration PUBLIC "-//mybatis.org//DTD Config 3.0//EN" "http://mybatis.org/dtd/mybatis-3-config.dtd">
<configuration>
	<properties>
		<property name="dialect" value="mysql" />
		<property name="pagingSqlId" value=".*Page$" />
	</properties>
	<settings>  
        <setting name="cacheEnabled" value="true" />  
    </settings>
    
	<typeAliases>
		<package name="com.kotei.hemap.persistence.entity"/>
 	</typeAliases>
 	<plugins>
        <plugin interceptor="com.kotei.hemap.common.paging.PagePluginBatis" />
    </plugins>

</configuration>