<?xml version="1.0" encoding="UTF-8" ?>
<!DOCTYPE struts PUBLIC
	"-//Apache Software Foundation//DTD Struts Configuration 2.3//EN"
	"http://struts.apache.org/dtds/struts-2.3.dtd">

<struts>
	<constant name="struts.i18n.encoding" value="UTF-8" />
	<constant name="struts.multipart.maxSize" value="104857600" />
	<constant name="struts.custom.i18n.resources" value="message"></constant>
	<constant name="struts.enable.DynamicMethodInvocation" value="false" />
	<!-- <constant name="struts.devMode" value="false" /> -->
	<constant name="struts.objectFactory.spring.autoWire.alwaysRespect" value="true" />
    <constant name="struts.multipart.saveDir" value="/tmp"/>
	<package name="default" namespace="/" extends="json-default,struts-default">
		
		<global-results>
			<result name="error">/jsp/error.jsp</result>
			<result name="sessiontimeout">/jsp/login.jsp</result>
		</global-results>
	
		<action name="appInit" class="appCommonAction">
			<result name="success">/jsp/login.jsp</result>
		</action>

		<action name="login" class="loginAction">
			<result name="input">/jsp/login.jsp</result>
			<result name="success">/jsp/welcome.jsp</result>
		</action>
		
		<action name="logout" class="logoutAction" method="logout">
			<result name="success" type="redirectAction">appInit</result>
		</action>
		
		<!-- <action name="payNotify_*" class="payNotifyAction"  method="{1}">
			<result type="json">
				<param name="includeProperties">jsonResult</param>
			</result>
		</action> -->
		
		<!-- Account Manage -->
		<action name="admin_accountManage" class="accountManageAction" method="list">
			<result>/jsp/accountManage/list.jsp</result>
		</action>
		<action name="admin_account_delete_page" class="accountManageAction" method="delete">
          <result type="chain">admin_accountManage</result>
         </action>
		<action name="admin_account_detail_page" class="accountManageAction" method="showDetail">
			<result>/jsp/accountManage/accountDetail.jsp</result>
		</action>
         <action name="admin_account_update" class="accountManageAction" method="update">
          <result type="chain">admin_account_detail_page</result>
         </action>
         <!-- Account Manage end-->
         
		
	</package>
	
	<!-- <package name="admin" namespace="/admin" extends="struts-default,json-default">
		共通
		<global-results>
			<result name="error">/jsp/error.jsp</result>
		</global-results>
		
		商品管理
		<action name="itemManage_search" class="itemManageAction" method="search">
			<result name="success">/jsp/itemManage/itemManage.jsp</result>
		</action>
		
	</package> -->
</struts>
